video_id,channel_title,title,description,publish_at,view_count,like_count,duration
QMLhvQHn4eQ,Ayzu Official,Ayzu Official Live Stream,,2024-03-25,0,1,00:00:00
4_WoEgM6gxg,Ayzu Official,"Bollywood Trending Mashup 2024 |  Hindi Romantic Songs | Best Of Arijit Singh, Ayzu Official","DISCLAIMER
[This Following Audio/Video is Strictly meant for Promotional Purpose.]
None of these images, music & video clips were created/owned by us.
This video is purely fan-made, if you (owners) want to remove this video, please CONTACT US DIRECTLY before doing anything. We will respectfully remove it.
----------------------------------------------------------------------------------
Enjoy & stay connected with us!

Instagram - https://www.instagram.com/ayzuofficial
Snapchat - https://www.snapchat.com/add/arsalansaif408

#arijitsingh  #bollywoodsongs #lovemashup 
#lofimusic #indianmusic #lofi #lovemashup 
#soulfulmusic #slowedandreverb #trending 
#mashup #romantic #hitsongs #hearttouching 

Ayzu Official Ayzu Official Ayzu Official

Ayzu Official 
vishu 973 live
9354 live
Lovely melody live
4834 live
7349 live
Eternal melodies
5060 live
9090 live
4985 live
5828 live
8213 live 
Bollywood love songs
Bollywood love songs
4546 live
1419 live
9117 live
Lonely strick live
888 live
Bollywood Romantic Box live
Bollywood songs
1520 live
3366 live
100 live
200 live
Ayzu official
Love relax
Mashup Night drive mashup
Nonstop love mashup 2024
Romantic hindi lofi songs
#arijitsinghsongs #lofilive #hindimix #songslive #livesongs #lofimix #bollywoodofisongshindi #atifaslamsongs    #slowedandreverb #arijitsinghlofi #hindilofisongs #hindilofisong #lofihiphop #bollywoodlofisongs #30minsleepmusic   #trending  #viralvideo #newhindilofisong #lofi #lofihiphop #music #aesthetic #hiphop #lofibeats #beats #lofiedits   #lofiaesthetic #lofimusic #vaporwave #chill #producer #hearttouching  #lofivibes #rap #beatmaker #boombap #anime  #art #aestheticedits #chillvibes #chillhop #lofiedit #chillbeats  #explorepage #lofisongs #lofibollywoodsongs #lofisongshindi #lofisongsremix #lofimusic #lofihiphop #lofimashup #lofimusicforstudying  #lofimusichindi #lofimusicbollywood #lofimusicsleep #lofimusicwithoutlyrics #lofimusictorelax #lofimusictorelaxstudychill #lofimusicchill #lofimusicnepali #Bollywoodlofi #Bollywoodlofisongs #Bollywoodlofimusic #Bollywoodlofislowedandreverb #lofi #trending #Bollywoodlofiremix #lofihiphopchill   #atifaslamsongs #lofibollywoodsongs #lofimusicchill #bollywoodlofisongs #lofihiphopradio#chillgamingstudy #lofimusic  #lofihiphoprappers #lofihiphop #lofimusic #90severgreen #lofimusic #90shindisongs      #oldschooltolofihiphoptoheavhbassset   #lofihiphopchillhouse #queuethelofihiphop   #lofihiphopa #lofi #hindilofi #bollywoodsongs  #reverb #Trendlofi #lofimusic #lofiremix #slowed #lofisongs #lofibollywoodsongs #lofisongshindi #lofisongsremix #lofimusic #lofihiphop #lofimashup #lofimusicforstudying #lofimusichindi #lofimusicsleep #lofimusicwithoutlyrics #lofimusictorelax #lofimusictorelaxstudychill #lofimusicchill #lofimusicnepali #Bollywoodlofi #Bollywoodlofisongs #lofibollywoodsongs  #Bollywoodlofislowedandreverb #Bollywoodlofiplaylist #slowedreverb #slowedreverbsongs #slowedreverbsongshindi #slowedandreverbsadsongs #ArijitSinghlofisongs #slowedandreverbLovesongs.

Please Share this Mix on Social sites (Facebook, Google +, Twitter etc.) to more people could listen it! Don't forget to Like & Share the mix if you enjoy it! Thanks for watching! Don't forget to subscribe, Like & Share my video if you enjoy it! Have a nice day! If you have any problems with copyright issues, please CONTACT US DIRECTLY before doing anything, or questions please leave a message or comment to me.

DISCLAIMER:
[This Following Audio/Video is Strictly meant for Promotional Purpose.]

We Do not Wish to make any Commercial Use of this & Intended to Showcase the Creativity of the Artist Involved.

*DISCLAIMER: As per 3rd Section of Fair use guidelines Borrowing small bits of material from an original work is more likely to be considered fair use. Copyright Disclaimer Under Section 107 of the Copyright Act 1976, allowance is made for fair use.

------------------------------------------------------------------------------------------------------------------------------------------------------------------------------------------------------------------------------------------------------
Thanks for watching! Have a nice day!
DON'T FORGET TO LIKE - SHARE - SUBSCRIBE & COMMENT 
------------------------------------------------------------------------------------------------------------------------------------------------------------------------------------------------------------------------------------------------------

• None of these images, music & video clips were created/owned by us.
• This video is purely fan-made, if you (owners) want to remove this video, please CONTACT US DIRECTLY before doing anything. We will respectfully remove it.

If you have any copyright issue you can Contact us. mynameisayzu@gmail.com

Thank you,
Ayzu",2024-03-24,2151,32,00:00:00
7SnWarqAqbg,Ayzu Official,Atif Aslam Zindagi #Shorts Status #Viral Ayzu Official,"DISCLAIMER
[This Following Audio/Video is Strictly meant for Promotional Purpose.]
None of these images, music & video clips were created/owned by us.
This video is purely fan-made, if you (owners) want to remove this video, please CONTACT US DIRECTLY before doing anything. We will respectfully remove it.

#shorts 

#viralshorts 

#viralvideo 

#AyzuOfficial

#atifaslam #shorts #atifaslamstatus 
#atifaslamsong  #atifaslamlovesong 
#new #songs #trending #lofi #live 
#trendingshorts #viralvideo #ayzuofficial
#atifaslam #whatsappstatus #melody 
#lofivibes #hindi #songs #hitsongs 
#zindagi #song #zindagishorts

Thanks for visiting & listening songs

Contact us if you have any concern
Email id:- mynameisayzu@gmail.com

Thank you,
Ayzu",2024-03-24,160,21,00:01:01
